people,change_pr_number,change_role_time,change_role,involved_pr_after_permission_change
AlbumenJ,7106,2021-01-17 12:05:37+00:00,Reviewer,7108#7109#7114#7119#7126#7133#7134#7135#7136#7139#7144#7147#7148#7152#7153#7157#7159
AlbumenJ,7078,2021-01-21 13:46:35+00:00,Maintainer,7126#7133#7134#7135#7136#7139#7144#7147#7148#7152#7153#7157#7159
Fuxy-pg,7101,2021-01-15 01:37:57+00:00,Maintainer,
KeRan213539,7090,2021-03-02 02:40:45+00:00,Reviewer,
chickenlj,7119,2021-01-23 07:42:40+00:00,Reviewer,7131#7133#7145#7148#7157#7159
chickenlj,7086,2021-01-07 08:39:08+00:00,Maintainer,7087#7092#7095#7102#7106#7109#7114#7119#7126#7131#7133#7145#7148#7157#7159#7101#7120#7104
dkisser,7073,2021-01-13 03:41:47+00:00,Maintainer,
htynkn,7094,2021-01-12 07:44:54+00:00,Reviewer,
huibinliupush,7149,2021-01-28 16:06:53+00:00,Maintainer,
kevinw66,7114,2021-01-29 02:15:36+00:00,Reviewer,7157
kylixs,7078,2021-01-18 11:51:44+00:00,Reviewer,7131#7133#7136#7145#7147#7152#7153#7159
ralf0131,7080,2021-01-07 05:17:39+00:00,Reviewer,7094
ralf0131,7080,2021-01-07 05:17:47+00:00,Maintainer,7094
theonefx,7155,2021-01-29 14:07:42+00:00,Maintainer,7159#7158
xukefu,7110,2021-01-18 08:40:09+00:00,Maintainer,
zhangyz-hd,7081,2021-01-14 08:57:29+00:00,Maintainer,7109#7120
chickenlj,7104,2021-01-07 09:36:02+00:00,Committer,7092#7095#7102#7106#7109#7114#7119#7126#7131#7133#7145#7148#7157#7159#7101#7120#7104
